Workbook

Sheet Registro
A1: Registro de llegadas
A2: N | B2: Fecha | C2: Pref. (S/N) | D2: Hora turno | E2: Hora llamado | F2: Inicio atención | G2: Fin atención | H2: Espera en fila (min) | I2: Duración de atención (min) | J2: Franja de hora de llegada
A3: 1 | B3: 46258 | C3: N | D3: 0.29476253 | E3: 0.29476253 | F3: 0.29478568 | G3: 0.29916068 | H3: =IF(AND(ISNUMBER(D3),ISNUMBER(E3)),(E3-D3)*1440,"") -> 0 | I3: =IF(AND(ISNUMBER(F3),ISNUMBER(G3)),(G3-F3)*1440,"") -> 6.3 | J3: =IF(ISNUMBER(D3),HOUR(D3),"") -> 7
A4: 2 | B4: 46258 | C4: S | D4: 0.29988896 | E4: 0.30019078 | F4: 0.3002255 | G4: 0.30347781 | H4: =IF(AND(ISNUMBER(D4),ISNUMBER(E4)),(E4-D4)*1440,"") -> 0.43461667 | I4: =IF(AND(ISNUMBER(F4),ISNUMBER(G4)),(G4-F4)*1440,"") -> 4.6833333 | J4: =IF(ISNUMBER(D4),HOUR(D4),"") -> 7
A5: 3 | B5: 46258 | C5: N | D5: 0.30380455 | E5: 0.30853377 | F5: 0.30855692 | G5: 0.31021201 | H5: =IF(AND(ISNUMBER(D5),ISNUMBER(E5)),(E5-D5)*1440,"") -> 6.8100833 | I5: =IF(AND(ISNUMBER(F5),ISNUMBER(G5)),(G5-F5)*1440,"") -> 2.3833333 | J5: =IF(ISNUMBER(D5),HOUR(D5),"") -> 7
A6: 4 | B6: 46258 | C6: N | D6: 0.30415398 | E6: 0.31127969 | F6: 0.31132598 | G6: 0.31339774 | H6: =IF(AND(ISNUMBER(D6),ISNUMBER(E6)),(E6-D6)*1440,"") -> 10.261017 | I6: =IF(AND(ISNUMBER(F6),ISNUMBER(G6)),(G6-F6)*1440,"") -> 2.9833333 | J6: =IF(ISNUMBER(D6),HOUR(D6),"") -> 7
A7: 5 | B7: 46258 | C7: N | D7: 0.316126 | E7: 0.32034289 | F7: 0.32038919 | G7: 0.32317854 | H7: =IF(AND(ISNUMBER(D7),ISNUMBER(E7)),(E7-D7)*1440,"") -> 6.0723333 | I7: =IF(AND(ISNUMBER(F7),ISNUMBER(G7)),(G7-F7)*1440,"") -> 4.0166667 | J7: =IF(ISNUMBER(D7),HOUR(D7),"") -> 7
A8: 6 | B8: 46258 | C8: N | D8: 0.31899503 | E8: 0.32512299 | F8: 0.32513456 | G8: 0.32690539 | H8: =IF(AND(ISNUMBER(D8),ISNUMBER(E8)),(E8-D8)*1440,"") -> 8.82425 | I8: =IF(AND(ISNUMBER(F8),ISNUMBER(G8)),(G8-F8)*1440,"") -> 2.55 | J8: =IF(ISNUMBER(D8),HOUR(D8),"") -> 7
A9: 7 | B9: 46258 | C9: N | D9: 0.34274933 | E9: 0.35941531 | F9: 0.35945003 | G9: 0.36138291 | H9: =IF(AND(ISNUMBER(D9),ISNUMBER(E9)),(E9-D9)*1440,"") -> 23.999017 | I9: =IF(AND(ISNUMBER(F9),ISNUMBER(G9)),(G9-F9)*1440,"") -> 2.7833333 | J9: =IF(ISNUMBER(D9),HOUR(D9),"") -> 8 | L9: Promedio de duración de atención = | M9: =AVERAGE(I3:I422) -> 3.0303175
A10: 8 | B10: 46258 | C10: N | D10: 0.34477044 | E10: 0.36067854 | F10: 0.36069012 | G10: 0.36378039 | H10: =IF(AND(ISNUMBER(D10),ISNUMBER(E10)),(E10-D10)*1440,"") -> 22.907667 | I10: =IF(AND(ISNUMBER(F10),ISNUMBER(G10)),(G10-F10)*1440,"") -> 4.45 | J10: =IF(ISNUMBER(D10),HOUR(D10),"") -> 8
A11: 9 | B11: 46258 | C11: N | D11: 0.34955278 | E11: 0.37007503 | F11: 0.37008661 | G11: 0.37196161 | H11: =IF(AND(ISNUMBER(D11),ISNUMBER(E11)),(E11-D11)*1440,"") -> 29.55205 | I11: =IF(AND(ISNUMBER(F11),ISNUMBER(G11)),(G11-F11)*1440,"") -> 2.7 | J11: =IF(ISNUMBER(D11),HOUR(D11),"") -> 8
A12: 10 | B12: 46258 | C12: S | D12: 0.35793366 | E12: 0.35913848 | F12: 0.35918478 | G12: 0.36080515 | H12: =IF(AND(ISNUMBER(D12),ISNUMBER(E12)),(E12-D12)*1440,"") -> 1.73495 | I12: =IF(AND(ISNUMBER(F12),ISNUMBER(G12)),(G12-F12)*1440,"") -> 2.3333333 | J12: =IF(ISNUMBER(D12),HOUR(D12),"") -> 8 | L12: Promedio de tiempo de espera = | M12: =AVERAGE(Registro!H3:H422) -> 16.002646
A13: 11 | B13: 46258 | C13: N | D13: 0.36709497 | E13: 0.38740142 | F13: 0.38742457 | G13: 0.38969309 | H13: =IF(AND(ISNUMBER(D13),ISNUMBER(E13)),(E13-D13)*1440,"") -> 29.2413 | I13: =IF(AND(ISNUMBER(F13),ISNUMBER(G13)),(G13-F13)*1440,"") -> 3.2666667 | J13: =IF(ISNUMBER(D13),HOUR(D13),"") -> 8
A14: 12 | B14: 46258 | C14: N | D14: 0.36948421 | E14: 0.38950885 | F14: 0.38955515 | G14: 0.39191626 | H14: =IF(AND(ISNUMBER(D14),ISNUMBER(E14)),(E14-D14)*1440,"") -> 28.835483 | I14: =IF(AND(ISNUMBER(F14),ISNUMBER(G14)),(G14-F14)*1440,"") -> 3.4 | J14: =IF(ISNUMBER(D14),HOUR(D14),"") -> 8
A15: 13 | B15: 46258 | C15: N | D15: 0.3706656 | E15: 0.39191626 | F15: 0.39192784 | G15: 0.39287691 | H15: =IF(AND(ISNUMBER(D15),ISNUMBER(E15)),(E15-D15)*1440,"") -> 30.60095 | I15: =IF(AND(ISNUMBER(F15),ISNUMBER(G15)),(G15-F15)*1440,"") -> 1.3666667 | J15: =IF(ISNUMBER(D15),HOUR(D15),"") -> 8 | L15: Tasa de servicio u = | M15: =60/M9 -> 19.799906
A16: 14 | B16: 46258 | C16: N | D16: 0.39391885 | E16: 0.41726419 | F16: 0.41731049 | G16: 0.41817854 | H16: =IF(AND(ISNUMBER(D16),ISNUMBER(E16)),(E16-D16)*1440,"") -> 33.617283 | I16: =IF(AND(ISNUMBER(F16),ISNUMBER(G16)),(G16-F16)*1440,"") -> 1.25 | J16: =IF(ISNUMBER(D16),HOUR(D16),"") -> 9
A17: 15 | B17: 46258 | C17: N | D17: 0.39580003 | E17: 0.41970466 | F17: 0.41973939 | G17: 0.424288 | H17: =IF(AND(ISNUMBER(D17),ISNUMBER(E17)),(E17-D17)*1440,"") -> 34.422667 | I17: =IF(AND(ISNUMBER(F17),ISNUMBER(G17)),(G17-F17)*1440,"") -> 6.55 | J17: =IF(ISNUMBER(D17),HOUR(D17),"") -> 9
A18: 16 | B18: 46258 | C18: N | D18: 0.39921376 | E18: 0.42541163 | F18: 0.42544635 | G18: 0.42746024 | H18: =IF(AND(ISNUMBER(D18),ISNUMBER(E18)),(E18-D18)*1440,"") -> 37.724933 | I18: =IF(AND(ISNUMBER(F18),ISNUMBER(G18)),(G18-F18)*1440,"") -> 2.9 | J18: =IF(ISNUMBER(D18),HOUR(D18),"") -> 9
A19: 17 | B19: 46258 | C19: N | D19: 0.40004617 | E19: 0.42672822 | F19: 0.42675137 | G19: 0.42859164 | H19: =IF(AND(ISNUMBER(D19),ISNUMBER(E19)),(E19-D19)*1440,"") -> 38.42215 | I19: =IF(AND(ISNUMBER(F19),ISNUMBER(G19)),(G19-F19)*1440,"") -> 2.65 | J19: =IF(ISNUMBER(D19),HOUR(D19),"") -> 9
A20: 18 | B20: 46258 | C20: S | D20: 0.40240453 | E20: 0.403256 | F20: 0.40330229 | G20: 0.4041472 | H20: =IF(AND(ISNUMBER(D20),ISNUMBER(E20)),(E20-D20)*1440,"") -> 1.2261167 | I20: =IF(AND(ISNUMBER(F20),ISNUMBER(G20)),(G20-F20)*1440,"") -> 1.2166667 | J20: =IF(ISNUMBER(D20),HOUR(D20),"") -> 9
A21: 19 | B21: 46258 | C21: N | D21: 0.42807424 | E21: 0.45146487 | F21: 0.45149959 | G21: 0.45394172 | H21: =IF(AND(ISNUMBER(D21),ISNUMBER(E21)),(E21-D21)*1440,"") -> 33.682517 | I21: =IF(AND(ISNUMBER(F21),ISNUMBER(G21)),(G21-F21)*1440,"") -> 3.5166667 | J21: =IF(ISNUMBER(D21),HOUR(D21),"") -> 10
A22: 20 | B22: 46258 | C22: N | D22: 0.4482167 | E22: 0.46854821 | F22: 0.46855978 | G22: 0.46935839 | H22: =IF(AND(ISNUMBER(D22),ISNUMBER(E22)),(E22-D22)*1440,"") -> 29.277367 | I22: =IF(AND(ISNUMBER(F22),ISNUMBER(G22)),(G22-F22)*1440,"") -> 1.15 | J22: =IF(ISNUMBER(D22),HOUR(D22),"") -> 10
A23: 21 | B23: 46258 | C23: N | D23: 0.44902373 | E23: 0.46938059 | F23: 0.46939216 | G23: 0.47100096 | H23: =IF(AND(ISNUMBER(D23),ISNUMBER(E23)),(E23-D23)*1440,"") -> 29.313883 | I23: =IF(AND(ISNUMBER(F23),ISNUMBER(G23)),(G23-F23)*1440,"") -> 2.3166667 | J23: =IF(ISNUMBER(D23),HOUR(D23),"") -> 10
A24: 22 | B24: 46258 | C24: N | D24: 0.4547472 | E24: 0.47640414 | F24: 0.47643887 | G24: 0.47800137 | H24: =IF(AND(ISNUMBER(D24),ISNUMBER(E24)),(E24-D24)*1440,"") -> 31.186 | I24: =IF(AND(ISNUMBER(F24),ISNUMBER(G24)),(G24-F24)*1440,"") -> 2.25 | J24: =IF(ISNUMBER(D24),HOUR(D24),"") -> 10
A25: 23 | B25: 46258 | C25: N | D25: 0.47192167 | E25: 0.48528146 | F25: 0.48531618 | G25: 0.48733007 | H25: =IF(AND(ISNUMBER(D25),ISNUMBER(E25)),(E25-D25)*1440,"") -> 19.2381 | I25: =IF(AND(ISNUMBER(F25),ISNUMBER(G25)),(G25-F25)*1440,"") -> 2.9 | J25: =IF(ISNUMBER(D25),HOUR(D25),"") -> 11
A26: 24 | B26: 46258 | C26: N | D26: 0.47513163 | E26: 0.48733007 | F26: 0.48737637 | G26: 0.48775831 | H26: =IF(AND(ISNUMBER(D26),ISNUMBER(E26)),(E26-D26)*1440,"") -> 17.56575 | I26: =IF(AND(ISNUMBER(F26),ISNUMBER(G26)),(G26-F26)*1440,"") -> 0.55 | J26: =IF(ISNUMBER(D26),HOUR(D26),"") -> 11
A27: 25 | B27: 46258 | C27: N | D27: 0.48371255 | E27: 0.49283132 | F27: 0.49284289 | G27: 0.49416234 | H27: =IF(AND(ISNUMBER(D27),ISNUMBER(E27)),(E27-D27)*1440,"") -> 13.131033 | I27: =IF(AND(ISNUMBER(F27),ISNUMBER(G27)),(G27-F27)*1440,"") -> 1.9 | J27: =IF(ISNUMBER(D27),HOUR(D27),"") -> 11
... A422: 420 | B422: 46269 | C422: N | D422: 0.69261884 | E422: 0.69261884 | F422: 0.69263042 | G422: 0.69337116 | H422: =IF(AND(ISNUMBER(D422),ISNUMBER(E422)),(E422-D422)*1440,"") -> 0 | I422: =IF(AND(ISNUMBER(F422),ISNUMBER(G422)),(G422-F422)*1440,"") -> 1.0666667 | J422: =IF(ISNUMBER(D422),HOUR(D422),"") -> 16

Sheet Resumen por dia
A1: Llegadas por día y franja horaria
A2: Día | B2: 7:00-8:00 | C2: 8:00-9:00 | D2: 9:00-10:00 | E2: 10:00-11:00 | F2: 11:00-12:00 | G2: 12:00-13:00 | H2: 13:00-14:00 | I2: 14:00-15:00 | J2: 15:00-16:00 | K2: 16:00-17:00 | L2: Total
A3: Día 1 | B3: 95 | C3: 106 | D3: 83 | E3: 71 | F3: 48 | G3: 50 | H3: 45 | I3: 56 | J3: 58 | K3: 40 | L3: =IF(COUNT(B3:K3)=0,"",SUM(B3:K3)) -> 652
A4: Día 2 | B4: 94 | C4: 94 | D4: 78 | E4: 69 | F4: 54 | G4: 37 | H4: 45 | I4: 74 | J4: 66 | K4: 33 | L4: =IF(COUNT(B4:K4)=0,"",SUM(B4:K4)) -> 644
A5: Día 3 | B5: 83 | C5: 93 | D5: 101 | E5: 98 | F5: 54 | G5: 32 | H5: 48 | I5: 63 | J5: 48 | K5: 24 | L5: =IF(COUNT(B5:K5)=0,"",SUM(B5:K5)) -> 644
A6: Día 4 | B6: 97 | C6: 111 | D6: 88 | E6: 70 | F6: 58 | G6: 43 | H6: 52 | I6: 70 | J6: 52 | K6: 34 | L6: =IF(COUNT(B6:K6)=0,"",SUM(B6:K6)) -> 675
A7: Día 5 | B7: 89 | C7: 93 | D7: 109 | E7: 84 | F7: 64 | G7: 40 | H7: 47 | I7: 72 | J7: 55 | K7: 44 | L7: =IF(COUNT(B7:K7)=0,"",SUM(B7:K7)) -> 697
A8: Día 6 | B8: 92 | C8: 105 | D8: 72 | E8: 77 | F8: 57 | G8: 36 | H8: 52 | I8: 67 | J8: 56 | K8: 36 | L8: =IF(COUNT(B8:K8)=0,"",SUM(B8:K8)) -> 650
A9: Día 7 | B9: 95 | C9: 97 | D9: 93 | E9: 67 | F9: 53 | G9: 40 | H9: 51 | I9: 71 | J9: 55 | K9: 31 | L9: =IF(COUNT(B9:K9)=0,"",SUM(B9:K9)) -> 653
A10: Día 8 | B10: 82 | C10: 90 | D10: 79 | E10: 61 | F10: 46 | G10: 38 | H10: 46 | I10: 73 | J10: 60 | K10: 32 | L10: =IF(COUNT(B10:K10)=0,"",SUM(B10:K10)) -> 607
A11: Día 9 | B11: 90 | C11: 106 | D11: 105 | E11: 67 | F11: 70 | G11: 49 | H11: 52 | I11: 65 | J11: 60 | K11: 32 | L11: =IF(COUNT(B11:K11)=0,"",SUM(B11:K11)) -> 696
A12: Día 10 | B12: 81 | C12: 106 | D12: 83 | E12: 72 | F12: 47 | G12: 38 | H12: 49 | I12: 63 | J12: 63 | K12: 41 | L12: =IF(COUNT(B12:K12)=0,"",SUM(B12:K12)) -> 643
A14: Promedio λ (usuarios/h) | B14: =IF(COUNT(B3:B12)=0,"",AVERAGE(B3:B12)) -> 89.8 | C14: =IF(COUNT(C3:C12)=0,"",AVERAGE(C3:C12)) -> 100.1 | D14: =IF(COUNT(D3:D12)=0,"",AVERAGE(D3:D12)) -> 89.1 | E14: =IF(COUNT(E3:E12)=0,"",AVERAGE(E3:E12)) -> 73.6 | F14: =IF(COUNT(F3:F12)=0,"",AVERAGE(F3:F12)) -> 55.1 | G14: =IF(COUNT(G3:G12)=0,"",AVERAGE(G3:G12)) -> 40.3 | H14: =IF(COUNT(H3:H12)=0,"",AVERAGE(H3:H12)) -> 48.7 | I14: =IF(COUNT(I3:I12)=0,"",AVERAGE(I3:I12)) -> 67.4 | ... K14: =IF(COUNT(K3:K12)=0,"",AVERAGE(K3:K12)) -> 34.7
A15: Desviación estándar | B15: =IF(COUNT(B3:B12)<2,"",STDEV(B3:B12)) -> 5.9029183 | C15: =IF(COUNT(C3:C12)<2,"",STDEV(C3:C12)) -> 7.430418 | D15: =IF(COUNT(D3:D12)<2,"",STDEV(D3:D12)) -> 12.467291 | E15: =IF(COUNT(E3:E12)<2,"",STDEV(E3:E12)) -> 10.56409 | F15: =IF(COUNT(F3:F12)<2,"",STDEV(F3:F12)) -> 7.5931255 | G15: =IF(COUNT(G3:G12)<2,"",STDEV(G3:G12)) -> 5.6381636 | H15: =IF(COUNT(H3:H12)<2,"",STDEV(H3:H12)) -> 2.9078438 | I15: =IF(COUNT(I3:I12)<2,"",STDEV(I3:I12)) -> 5.6803756 | ... K15: =IF(COUNT(K3:K12)<2,"",STDEV(K3:K12)) -> 5.7936747
A16: Coeficiente de variación | B16: =IF(OR(B14="",B15=""),"",IF(B14=0,"",B15/B14)) -> 0.065734057 | C16: =IF(OR(C14="",C15=""),"",IF(C14=0,"",C15/C14)) -> 0.07422995 | D16: =IF(OR(D14="",D15=""),"",IF(D14=0,"",D15/D14)) -> 0.1399247 | E16: =IF(OR(E14="",E15=""),"",IF(E14=0,"",E15/E14)) -> 0.14353383 | F16: =IF(OR(F14="",F15=""),"",IF(F14=0,"",F15/F14)) -> 0.13780627 | G16: =IF(OR(G14="",G15=""),"",IF(G14=0,"",G15/G14)) -> 0.1399048 | H16: =IF(OR(H14="",H15=""),"",IF(H14=0,"",H15/H14)) -> 0.059709318 | I16: =IF(OR(I14="",I15=""),"",IF(I14=0,"",I15/I14)) -> 0.084278569 | ... K16: =IF(OR(K14="",K15=""),"",IF(K14=0,"",K15/K14)) -> 0.16696469
A17: Módulos habilitados (s) | B17: 4 | C17: 4 | D17: 4 | E17: 4 | F17: 4 | G17: 3 | H17: 3 | I17: 4 | J17: 4 | K17: 4
A18: Capacidad s·μ (usuarios/h) | B18: =B17*Registro!M15 -> 79.199623 | C18: =C17*Registro!M15 -> 79.199623 | D18: =D17*Registro!M15 -> 79.199623 | E18: =E17*Registro!M15 -> 79.199623 | F18: =F17*Registro!M15 -> 79.199623 | G18: =G17*Registro!M15 -> 59.399717 | H18: =H17*Registro!M15 -> 59.399717 | I18: =I17*Registro!M15 -> 79.199623 | J18: =J17*Registro!M15 -> 79.199623 | K18: =K17*Registro!M15 -> 79.199623
A19: ρ = λ/(s·μ) | B19: =IF(AND(ISNUMBER(B14),ISNUMBER(B18)),IF(B18=0,"",B14/B18),"") -> 1.1338438 | C19: =IF(AND(ISNUMBER(C14),ISNUMBER(C18)),IF(C18=0,"",C14/C18),"") -> 1.2638949 | D19: =IF(AND(ISNUMBER(D14),ISNUMBER(D18)),IF(D18=0,"",D14/D18),"") -> 1.1250054 | E19: =IF(AND(ISNUMBER(E14),ISNUMBER(E18)),IF(E18=0,"",E14/E18),"") -> 0.92929735 | F19: =IF(AND(ISNUMBER(F14),ISNUMBER(F18)),IF(F18=0,"",F14/F18),"") -> 0.69571038 | G19: =IF(AND(ISNUMBER(G14),ISNUMBER(G18)),IF(G18=0,"",G14/G18),"") -> 0.67845441 | H19: =IF(AND(ISNUMBER(H14),ISNUMBER(H18)),IF(H18=0,"",H14/H18),"") -> 0.81986922 | I19: =IF(AND(ISNUMBER(I14),ISNUMBER(I18)),IF(I18=0,"",I14/I18),"") -> 0.85101415 | ... K19: =IF(AND(ISNUMBER(K14),ISNUMBER(K18)),IF(K18=0,"",K14/K18),"") -> 0.4381334
A20: Condición | B20: Inestable | C20: Inestable | D20: Inestable | E20: Critica | F20: Estable | G20: Estable | H20: Estable | I20: Critica | J20: Estable | K20: Estable
C23: Promedio de usarios por dia = | F23: =AVERAGE(L3:L12) -> 656.1

Sheet Llegadas cada 5 min
A1: Llegadas por intervalo de 5 minutos
A2: Intervalo | B2: Llegadas
A3: 1 | B3: 7
A4: 2 | B4: 5
A5: 3 | B5: 7
A6: 4 | B6: 7 | D6: En una distribución de Poisson, media y varianza son iguales (cociente ≈ 1). Es un indicio, no una prueba:
A7: 5 | B7: 5
A8: 6 | B8: 9
A9: 7 | B9: 10
A10: 8 | B10: 7 | D10: Número de intervalos | E10: =COUNT(B3:B122) -> 120
A11: 9 | B11: 8 | D11: Media | E11: =IF(E10=0,"",AVERAGE(B3:B122)) -> 7.425
A12: 10 | B12: 4 | D12: Varianza | E12: =IF(E10<2,"",VAR(B3:B122)) -> 7.5405462
A13: 11 | B13: 5 | D13: Varianza / media | E13: =IF(OR(E11="",E12=""),"",IF(E11=0,"",E12/E11)) -> 1.0155618
A14: 12 | B14: 9
A15: 13 | B15: 4
A16: 14 | B16: 8
A17: 15 | B17: 8 | D17: Estos datos se toman de la pestaña entre llegadas, contando cuantos usuarios llegaron a la sede en intervalos de 5 minutos
A18: 16 | B18: 6
A19: 17 | B19: 8
A20: 18 | B20: 10
A21: 19 | B21: 3
A22: 20 | B22: 9
A23: 21 | B23: 2
A24: 22 | B24: 8
A25: 23 | B25: 8
A26: 24 | B26: 4
A27: 25 | B27: 12
A28: 26 | B28: 9
A29: 27 | B29: 7
... A121: 119 | B121: 9
A122: 120 | B122: 8 | D122: kks

Sheet Llegadas entre 9 y 10
B1: Tiempos entre llegadas ( 9:00-10:00 )
B2: N.º | C2: Fecha | D2: Hora llegada | E2: Hora llegada anterior | F2: T entre llegadas (min)
B3: 1 | C3: 46258 | D3: 0.37608829 | E3: 0.37566332 | F3: =(D3-E3)*1440 -> 0.61195
B4: 2 | C4: 46258 | D4: 0.3762401 | E4: 0.37608829 | F4: =(D4-E4)*1440 -> 0.21861667
B5: 3 | C5: 46258 | D5: 0.3762402 | E5: 0.3762401 | F5: =(D5-E5)*1440 -> 0.00013333333
B6: 4 | C6: 46258 | D6: 0.37692956 | E6: 0.3762402 | F6: =(D6-E6)*1440 -> 0.99268333
B7: 5 | C7: 46258 | D7: 0.37808005 | E7: 0.37692956 | F7: =(D7-E7)*1440 -> 1.6567
B8: 6 | C8: 46258 | D8: 0.37828134 | E8: 0.37808005 | F8: =(D8-E8)*1440 -> 0.28986667
B9: 7 | C9: 46258 | D9: 0.37896698 | E9: 0.37828134 | F9: =(D9-E9)*1440 -> 0.98731667
B10: 8 | C10: 46258 | D10: 0.37989637 | E10: 0.37896698 | F10: =(D10-E10)*1440 -> 1.3383167
B11: 9 | C11: 46258 | D11: 0.38026271 | E11: 0.37989637 | F11: =(D11-E11)*1440 -> 0.52753333
B12: 10 | C12: 46258 | D12: 0.38129236 | E12: 0.38026271 | F12: =(D12-E12)*1440 -> 1.4827 | H12: Número de tiempos | I12: =COUNT(F3:F883) -> 881
B13: 11 | C13: 46258 | D13: 0.38179035 | E13: 0.38129236 | F13: =(D13-E13)*1440 -> 0.7171 | H13: Media (min) | I13: =AVERAGE(F3:F883) -> 0.66804232
B14: 12 | C14: 46258 | D14: 0.38212913 | E14: 0.38179035 | F14: =(D14-E14)*1440 -> 0.48785 | H14: Desviación estándar (min) | I14: =STDEV(F3:F883) -> 0.64920476
B15: 13 | C15: 46258 | D15: 0.38261881 | E15: 0.38212913 | F15: =(D15-E15)*1440 -> 0.70513333 | H15: Coeficiente de variación | I15: =I14/I13 -> 0.97180184
B16: 14 | C16: 46258 | D16: 0.38303696 | E16: 0.38261881 | F16: =(D16-E16)*1440 -> 0.60213333 | H16: Tasa (usuarios/h) | I16: =60/I13 -> 89.814669
B17: 15 | C17: 46258 | D17: 0.38417312 | E17: 0.38303696 | F17: =(D17-E17)*1440 -> 1.6360833
B18: 16 | C18: 46258 | D18: 0.38440113 | E18: 0.38417312 | F18: =(D18-E18)*1440 -> 0.32833333
B19: 17 | C19: 46258 | D19: 0.38495874 | E19: 0.38440113 | F19: =(D19-E19)*1440 -> 0.80295
B20: 18 | C20: 46258 | D20: 0.38538517 | E20: 0.38495874 | F20: =(D20-E20)*1440 -> 0.61406667
B21: 19 | C21: 46258 | D21: 0.38627501 | E21: 0.38538517 | F21: =(D21-E21)*1440 -> 1.2813667
B22: 20 | C22: 46258 | D22: 0.38633876 | E22: 0.38627501 | F22: =(D22-E22)*1440 -> 0.0918
B23: 21 | C23: 46258 | D23: 0.38657873 | E23: 0.38633876 | F23: =(D23-E23)*1440 -> 0.34555
B24: 22 | C24: 46258 | D24: 0.38729399 | E24: 0.38657873 | F24: =(D24-E24)*1440 -> 1.0299833
B25: 23 | C25: 46258 | D25: 0.38753675 | E25: 0.38729399 | F25: =(D25-E25)*1440 -> 0.34956667
B26: 24 | C26: 46258 | D26: 0.3886056 | E26: 0.38753675 | F26: =(D26-E26)*1440 -> 1.53915
B27: 25 | C27: 46258 | D27: 0.38874538 | E27: 0.3886056 | F27: =(D27-E27)*1440 -> 0.20128333
B28: 26 | C28: 46258 | D28: 0.39077024 | E28: 0.38874538 | F28: =(D28-E28)*1440 -> 2.9158
... B883: 881 | C883: 46269 | D883: 0.4158165 | E883: 0.41576067 | F883: =(D883-E883)*1440 -> 0.0804
